City_ID,City,Country,Date,Lat,Lng,Max Temp,Humidity,Cloudiness,Wind Speed
0,Rikitea,PF,2021-01-29 21:48:05,-23.1203,-134.9692,80.11,67,88,7.54
1,Pangnirtung,CA,2021-01-29 21:48:05,66.1451,-65.7125,-9.4,77,1,2.3
2,Vaini,TO,2021-01-29 21:48:06,-21.2,-175.2,77.0,94,90,9.22
3,Kapaa,US,2021-01-29 21:48:06,22.0752,-159.319,75.2,69,40,19.57
4,Chuy,UY,2021-01-29 21:48:06,-33.6971,-53.4616,74.93,74,2,6.11
5,Guerrero Negro,MX,2021-01-29 21:46:26,27.9769,-114.0611,66.67,57,0,16.2
6,Dogondoutchi,NE,2021-01-29 21:48:06,13.6393,4.0287,73.58,20,0,10.63
7,Hermanus,ZA,2021-01-29 21:48:07,-34.4187,19.2345,60.01,90,87,3.69
8,East London,ZA,2021-01-29 21:48:07,-33.0153,27.9116,71.42,65,13,2.21
9,Rabak,SD,2021-01-29 21:48:07,13.1809,32.74,72.37,19,0,17.43
10,Hofn,IS,2021-01-29 21:48:07,64.2539,-15.2082,21.2,86,0,4.61
11,Kavaratti,IN,2021-01-29 21:48:07,10.5669,72.642,80.22,73,12,9.42
12,Alofi,NU,2021-01-29 21:48:08,-19.0595,-169.9187,77.0,94,90,14.97
13,Mataura,NZ,2021-01-29 21:48:08,-46.1927,168.8643,58.39,56,25,1.97
14,Hithadhoo,MV,2021-01-29 21:48:08,-0.6,73.0833,81.5,75,62,9.98
15,Dikson,RU,2021-01-29 21:48:08,73.5069,80.5464,-31.92,85,100,6.42
16,Tautira,PF,2021-01-29 21:48:08,-17.7333,-149.15,86.0,66,20,12.66
17,Micheweni,TZ,2021-01-29 21:48:08,-4.9667,39.8333,80.56,80,2,13.09
18,Saint-Philippe,RE,2021-01-29 21:48:09,-21.3585,55.7679,78.8,65,0,6.91
19,Balabac,PH,2021-01-29 21:48:09,7.9868,117.0645,80.24,80,63,20.71
20,Provideniya,RU,2021-01-29 21:48:09,64.3833,-173.3,-7.28,82,92,7.67
21,Tezu,IN,2021-01-29 21:48:09,27.9167,96.1667,57.7,36,11,3.29
22,Tual,ID,2021-01-29 21:48:09,-5.6667,132.75,83.46,73,100,13.15
23,Avarua,CK,2021-01-29 21:48:10,-21.2078,-159.775,78.8,83,75,9.22
24,Yellowknife,CA,2021-01-29 21:47:13,62.456,-114.3525,-14.01,76,1,9.22
25,Narsaq,GL,2021-01-29 21:48:10,60.9167,-46.05,44.6,29,75,26.46
26,Terrace,CA,2021-01-29 21:48:10,54.5163,-128.6035,17.6,73,90,23.02
27,Buraydah,SA,2021-01-29 21:48:10,26.326,43.975,59.0,44,0,5.75
28,Amvrosiyivka,UA,2021-01-29 21:48:10,47.7935,38.4777,34.27,90,100,16.11
29,Vilcun,CL,2021-01-29 21:48:11,-38.65,-72.2333,61.48,93,94,2.95
30,Prokopyevsk,RU,2021-01-29 21:48:11,53.9059,86.719,19.47,96,100,13.47
31,Punta Arenas,CL,2021-01-29 21:48:11,-53.15,-70.9167,50.0,50,75,19.57
32,Hami,CN,2021-01-29 21:48:11,42.8,93.45,19.08,85,0,2.13
33,Olafsvik,IS,2021-01-29 21:48:11,64.8945,-23.7142,33.21,94,100,2.46
34,Hobyo,SO,2021-01-29 21:48:11,5.3505,48.5268,75.58,75,20,16.37
35,Aksarka,RU,2021-01-29 21:48:12,66.5606,67.7975,-43.02,80,24,2.75
36,Hobart,AU,2021-01-29 21:45:55,-42.8794,147.3294,66.0,82,20,6.91
37,Ushuaia,AR,2021-01-29 21:48:00,-54.8,-68.3,42.8,70,75,11.5
38,Yashkul,RU,2021-01-29 21:48:12,46.1711,45.3435,36.95,79,88,6.91
39,Pistsovo,RU,2021-01-29 21:48:12,57.179,40.5298,30.2,86,90,8.95
40,Winchester,GB,2021-01-29 21:45:48,51.0651,-1.3187,45.0,87,75,5.75
41,Puerto Ayora,EC,2021-01-29 21:43:34,-0.7393,-90.3518,84.2,70,40,14.97
42,Cape Town,ZA,2021-01-29 21:48:08,-33.9258,18.4232,69.01,82,20,9.22
43,Hilo,US,2021-01-29 21:48:13,19.7297,-155.09,71.6,83,90,8.05
44,Pevek,RU,2021-01-29 21:48:13,69.7008,170.3133,-29.18,85,5,3.0
45,Lavrentiya,RU,2021-01-29 21:48:13,65.5833,-171.0,-15.72,82,0,12.93
46,Hohhot,CN,2021-01-29 21:48:13,40.8106,111.6522,5.0,72,0,6.71
47,New Norfolk,AU,2021-01-29 21:48:13,-42.7826,147.0587,66.0,90,54,2.77
48,Saskylakh,RU,2021-01-29 21:48:13,71.9167,114.0833,-38.63,78,44,0.81
49,Esperance,AU,2021-01-29 21:48:14,-33.8667,121.9,55.4,88,1,5.75
50,Belaya Gora,RU,2021-01-29 21:48:14,68.5333,146.4167,-28.14,85,100,3.47
51,Zhaoyang,CN,2021-01-29 21:48:14,42.682,126.0305,8.29,95,100,8.23
52,Severo-Kurilsk,RU,2021-01-29 21:48:14,50.6789,156.125,21.4,91,98,14.29
53,Novyy Urgal,RU,2021-01-29 21:48:14,51.0736,132.5642,-30.87,83,44,0.38
54,Kavieng,PG,2021-01-29 21:48:15,-2.5744,150.7967,82.67,82,93,15.01
55,Kruisfontein,ZA,2021-01-29 21:47:02,-34.0033,24.7314,62.01,83,2,3.27
56,Jalu,LY,2021-01-29 21:48:15,29.0331,21.5482,55.49,69,0,7.76
57,Qaanaaq,GL,2021-01-29 21:48:15,77.484,-69.3632,-14.28,61,0,5.48
58,Mahebourg,MU,2021-01-29 21:47:10,-20.4081,57.7,80.6,83,40,11.5
59,Seminole,US,2021-01-29 21:48:15,28.7086,-81.2081,66.2,34,1,3.44
60,Pisco,PE,2021-01-29 21:48:16,-13.7,-76.2167,80.6,57,0,14.97
61,Ostrovnoy,RU,2021-01-29 21:48:16,68.0531,39.5131,8.06,94,100,18.72
62,Consett,GB,2021-01-29 21:48:16,54.854,-1.8316,36.0,94,94,8.34
63,Busselton,AU,2021-01-29 21:48:16,-33.65,115.3333,62.01,85,0,3.0
64,Mar Del Plata,AR,2021-01-29 21:48:16,-38.0023,-57.5575,73.4,60,75,6.91
65,Cabo San Lucas,MX,2021-01-29 21:44:28,22.8909,-109.9124,84.99,64,1,21.85
66,Albany,US,2021-01-29 21:45:04,42.6001,-73.9662,17.01,43,53,8.99
67,Norman Wells,CA,2021-01-29 21:48:17,65.282,-126.8329,-31.0,75,20,3.44
68,Sinnamary,GF,2021-01-29 21:48:17,5.3833,-52.95,77.22,88,98,12.39
69,Butaritari,KI,2021-01-29 21:48:17,3.0707,172.7902,80.71,74,94,17.16
70,Dharchula,IN,2021-01-29 21:48:17,29.85,80.5333,39.99,41,0,8.01
71,Kolno,PL,2021-01-29 21:48:18,53.4115,21.9291,26.6,100,90,2.3
72,Port Alfred,ZA,2021-01-29 21:48:18,-33.5906,26.891,64.0,88,3,1.01
73,Anchorage,US,2021-01-29 21:43:25,61.2181,-149.9003,23.0,79,90,7.94
74,Manggar,ID,2021-01-29 21:48:18,-2.8833,108.2667,78.94,83,100,12.03
75,Hamilton,US,2021-01-29 21:48:18,39.1834,-84.5333,34.0,51,90,3.44
76,Zhigansk,RU,2021-01-29 21:48:18,66.7697,123.3711,-45.35,77,82,9.37
77,Sangmelima,CM,2021-01-29 21:48:19,2.9333,11.9833,70.59,89,40,3.24
78,Ilinskiy,RU,2021-01-29 21:48:19,55.619,38.1182,28.4,93,90,11.18
79,Sao Joao Da Barra,BR,2021-01-29 21:48:19,-21.6403,-41.0511,82.4,65,0,20.71
80,Talnakh,RU,2021-01-29 21:48:19,69.4865,88.3972,-31.97,66,1,2.01
81,Conceicao Do Araguaia,BR,2021-01-29 21:47:02,-8.2578,-49.2647,77.76,87,100,3.09
82,Nagato,JP,2021-01-29 21:48:20,34.3833,131.2,37.4,60,20,2.3
83,Roald,NO,2021-01-29 21:48:20,62.5833,6.1333,33.8,93,90,14.97
84,Los Llanos De Aridane,ES,2021-01-29 21:48:20,28.6585,-17.9182,66.0,88,40,6.91
85,Katobu,ID,2021-01-29 21:48:20,-4.9408,122.5276,75.4,92,99,4.81
86,Namatanai,PG,2021-01-29 21:48:21,-3.6667,152.4333,83.26,79,91,12.57
87,Vostok,RU,2021-01-29 21:48:21,46.4856,135.8833,-18.54,89,100,2.19
88,Hambantota,LK,2021-01-29 21:48:21,6.1241,81.1185,75.69,81,100,10.92
89,Sao Filipe,CV,2021-01-29 21:48:21,14.8961,-24.4956,75.45,55,83,9.28
90,Carutapera,BR,2021-01-29 21:48:21,-1.195,-46.02,79.84,78,100,9.78
91,Muisne,EC,2021-01-29 21:48:21,0.6,-80.0333,82.4,83,75,6.91
92,Vangaindrano,MG,2021-01-29 21:48:21,-23.35,47.6,76.26,89,49,6.55
93,Fortuna,US,2021-01-29 21:48:22,40.5982,-124.1573,53.01,81,1,4.61
94,Port Macquarie,AU,2021-01-29 21:47:26,-31.4333,152.9167,72.0,99,90,5.59
95,Khatanga,RU,2021-01-29 21:48:22,71.9667,102.5,-44.0,74,0,2.64
96,Atuona,PF,2021-01-29 21:48:22,-9.8,-139.0333,78.69,76,4,19.37
97,Nouadhibou,MR,2021-01-29 21:48:22,20.931,-17.0347,75.2,38,0,14.97
98,Bethel,US,2021-01-29 21:45:22,41.3712,-73.414,18.0,56,0,1.99
99,Bredasdorp,ZA,2021-01-29 21:48:23,-34.5322,20.0403,60.01,90,73,3.85
100,Honggang,CN,2021-01-29 21:48:23,46.4667,124.8667,-12.44,90,96,8.61
101,Boyolangu,ID,2021-01-29 21:48:23,-8.1181,111.8935,74.39,89,100,4.25
102,Souillac,MU,2021-01-29 21:48:23,-20.5167,57.5167,80.6,83,40,11.5
103,San Cristobal,VE,2021-01-29 21:48:23,7.7669,-72.225,84.2,58,40,12.66
104,Broome,US,2021-01-29 21:48:24,42.2506,-75.833,15.01,62,20,14.97
105,Castro,BR,2021-01-29 21:48:24,-24.7911,-50.0119,65.95,97,98,3.76
106,Ponta Do Sol,PT,2021-01-29 21:48:24,32.6667,-17.1,57.0,75,76,1.99
107,Peleduy,RU,2021-01-29 21:48:24,59.6289,112.7406,-42.61,76,67,4.38
108,Tynne,UA,2021-01-29 21:48:24,50.6015,26.1849,19.99,92,19,4.47
109,Non Thai,TH,2021-01-29 21:48:24,15.1981,102.0358,64.56,72,2,6.64
110,Mackay,AU,2021-01-29 21:48:25,-21.15,149.2,77.0,88,75,6.91
111,Vila Franca Do Campo,PT,2021-01-29 21:48:25,37.7167,-25.4333,59.0,88,20,9.22
112,Haines Junction,CA,2021-01-29 21:48:25,60.7522,-137.5108,-5.8,77,100,2.01
113,Vysokogornyy,RU,2021-01-29 21:48:25,50.1167,139.15,-7.15,89,100,3.69
114,Qarqin,AF,2021-01-29 21:48:25,37.4185,66.0436,50.81,39,0,24.02
115,Kalakamati,BW,2021-01-29 21:48:26,-20.5929,27.3121,67.32,88,93,4.18
116,Ilulissat,GL,2021-01-29 21:48:26,69.2167,-51.1,1.4,55,20,9.22
117,Isangel,VU,2021-01-29 21:48:26,-19.55,169.2667,82.4,74,20,15.88
118,The Valley,AI,2021-01-29 21:47:49,18.217,-63.0578,80.6,78,20,6.91
119,Kodiak,US,2021-01-29 21:44:09,57.79,-152.4072,35.6,64,75,11.5
120,Carnarvon,AU,2021-01-29 21:48:26,-24.8667,113.6333,77.0,83,1,5.75
121,Bambous Virieux,MU,2021-01-29 21:48:27,-20.3428,57.7575,80.6,83,40,11.5
122,Auki,SB,2021-01-29 21:48:27,-8.7676,160.7034,81.3,83,100,10.16
123,Bengkulu,ID,2021-01-29 21:48:27,-3.8004,102.2655,75.06,88,100,5.61
124,Kupang,ID,2021-01-29 21:48:27,-10.1667,123.5833,75.2,100,90,8.05
125,Mahajanga,MG,2021-01-29 21:48:27,-15.7167,46.3167,73.4,94,40,5.75
126,Riyadh,SA,2021-01-29 21:45:42,24.6877,46.7219,66.2,37,12,5.19
127,Bluff,NZ,2021-01-29 21:48:28,-46.6,168.3333,52.9,67,81,1.83
128,Komsomolskiy,UZ,2021-01-29 21:48:28,40.4272,71.7189,30.2,55,67,4.61
129,Tuktoyaktuk,CA,2021-01-29 21:48:28,69.4541,-133.0374,-34.6,67,20,2.3
130,Paracuru,BR,2021-01-29 21:48:28,-3.41,-39.0306,81.0,76,100,13.0
131,Qasigiannguit,GL,2021-01-29 21:48:29,68.8193,-51.1922,1.4,55,20,9.22
132,San Juan Bautista,PE,2021-01-29 21:45:04,-14.0108,-75.7358,80.6,57,0,14.97
133,Chokurdakh,RU,2021-01-29 21:48:29,70.6333,147.9167,-24.74,86,100,7.65
134,Saint George,US,2021-01-29 21:48:29,37.1041,-113.5841,44.6,81,20,4.61
135,Barrow,US,2021-01-29 21:48:29,71.2906,-156.7887,-11.2,77,90,9.22
136,Oktyabrskiy,RU,2021-01-29 21:48:29,54.4815,53.471,25.61,98,98,8.05
137,Paamiut,GL,2021-01-29 21:48:30,61.994,-49.6678,33.37,83,69,7.63
138,Itoman,JP,2021-01-29 21:48:30,26.1247,127.6694,55.4,54,40,5.75
139,Taltal,CL,2021-01-29 21:48:30,-25.4,-70.4833,69.67,59,22,4.14
140,Korgen,NO,2021-01-29 21:48:30,66.0771,13.8153,14.0,78,20,2.3
141,Lebu,CL,2021-01-29 21:48:30,-37.6167,-73.65,58.44,92,94,3.42
142,Saint-Pierre,RE,2021-01-29 21:48:30,-21.3393,55.4781,78.8,65,0,6.91
143,Adrar,MR,2021-01-29 21:48:31,20.5022,-10.0711,68.38,22,0,9.73
144,Mansehra,PK,2021-01-29 21:48:31,34.3333,73.2,40.06,56,0,5.75
145,Afsin,TR,2021-01-29 21:48:31,38.2477,36.914,15.08,85,1,2.89
146,Malindi,KE,2021-01-29 21:47:19,-3.2175,40.1191,80.6,78,75,13.8
147,Atikokan,CA,2021-01-29 21:48:31,48.7555,-91.6216,19.99,96,95,7.0
148,Lindi,TZ,2021-01-29 21:48:32,-10.0,39.7167,75.54,93,28,3.11
149,Jamestown,US,2021-01-29 21:48:32,42.097,-79.2353,21.0,73,90,13.8
150,Zamora,EC,2021-01-29 21:48:32,-4.0692,-78.9567,80.6,54,75,16.11
151,Raga,SS,2021-01-29 21:48:32,8.4596,25.678,72.9,19,46,6.8
152,Vardo,NO,2021-01-29 21:48:32,70.3705,31.1107,23.0,93,75,14.97
153,Alice Springs,AU,2021-01-29 21:44:02,-23.7,133.8833,79.0,69,90,8.05
154,Nouakchott,MR,2021-01-29 21:48:33,18.0858,-15.9785,69.8,56,27,6.91
155,Salalah,OM,2021-01-29 21:48:33,17.0151,54.0924,73.4,60,75,5.75
156,Saint-Augustin,CA,2021-01-29 21:48:33,51.226,-58.6502,15.85,91,0,12.48
157,Mayo,US,2021-01-29 21:48:33,38.8876,-76.5119,32.0,43,90,14.97
158,Vallenar,CL,2021-01-29 21:48:33,-28.5708,-70.7581,82.29,31,0,7.78
159,Necochea,AR,2021-01-29 21:48:33,-38.5473,-58.7368,75.0,52,77,5.39
160,Surab,PK,2021-01-29 21:48:34,28.4914,66.2585,36.0,53,33,1.77
161,Jiaozhou,CN,2021-01-29 21:48:34,36.2839,120.0033,37.99,86,0,2.24
162,Hare Bay,CA,2021-01-29 21:48:35,48.8499,-54.0148,23.0,93,100,5.75
163,Rameswaram,IN,2021-01-29 21:48:35,9.2833,79.3,79.05,83,92,18.88
164,Kiunga,PG,2021-01-29 21:48:35,-6.1219,141.2906,74.71,96,99,2.19
165,Torbay,CA,2021-01-29 21:48:35,47.6666,-52.7314,28.99,93,90,13.8
166,Chokwe,MZ,2021-01-29 21:48:36,-24.5333,32.9833,74.7,93,0,3.4
167,Yulara,AU,2021-01-29 21:48:36,-25.2406,130.9889,78.8,65,100,10.36
168,Loikaw,MM,2021-01-29 21:48:36,19.6742,97.2094,60.6,83,17,2.93
169,Verkhnyaya Inta,RU,2021-01-29 21:48:36,65.9811,60.3094,-8.41,85,99,16.67
170,Peniche,PT,2021-01-29 21:46:37,39.3558,-9.3811,57.0,94,100,11.01
171,Klaksvik,FO,2021-01-29 21:48:36,62.2266,-6.589,32.0,74,75,5.75
172,Mumford,GH,2021-01-29 21:48:36,5.2618,-0.759,79.5,82,100,6.49
173,Bahia Honda,CU,2021-01-29 21:48:37,22.9036,-83.1592,70.84,72,91,13.94
174,Husavik,IS,2021-01-29 21:48:37,66.0449,-17.3389,28.4,80,90,5.75
175,Asandh,IN,2021-01-29 21:48:37,29.5167,76.6,45.7,56,0,6.58
176,Port Elizabeth,ZA,2021-01-29 21:48:37,-33.918,25.5701,62.6,82,40,5.75
177,Georgetown,MY,2021-01-29 21:45:51,5.4112,100.3354,77.0,83,20,3.44
178,Makow Mazowiecki,PL,2021-01-29 21:48:38,52.8649,21.1005,30.99,76,94,3.0
179,Brae,GB,2021-01-29 21:48:38,60.3964,-1.353,33.8,75,34,11.5
180,Batagay-Alyta,RU,2021-01-29 21:48:38,67.8006,130.4114,-29.2,82,100,1.7
181,Namibe,AO,2021-01-29 21:48:38,-15.1961,12.1522,74.41,73,38,8.3
182,Panguna,PG,2021-01-29 21:48:38,-6.3164,155.4848,76.53,87,51,4.34
183,Madimba,TZ,2021-01-29 21:48:38,-10.4,40.3333,79.93,84,32,10.13
184,Mount Gambier,AU,2021-01-29 21:48:39,-37.8333,140.7667,57.2,94,75,10.36
185,Mabaruma,GY,2021-01-29 21:48:39,8.2,-59.7833,75.81,84,87,4.07
186,Sukhumi,GE,2021-01-29 21:48:39,43.0033,41.0153,44.47,68,100,2.86
187,Lompoc,US,2021-01-29 21:48:39,34.6391,-120.4579,52.0,87,75,4.61
188,Sola,VU,2021-01-29 21:48:39,-13.8833,167.55,86.0,79,40,2.3
189,Phuket,TH,2021-01-29 21:48:39,8.0,98.25,77.0,78,20,10.36
190,Florianopolis,BR,2021-01-29 21:43:43,-27.6146,-48.5012,73.4,100,75,8.05
191,San Rafael,AR,2021-01-29 21:48:40,-34.6177,-68.3301,83.43,23,94,7.76
192,Amalapuram,IN,2021-01-29 21:48:40,16.5833,82.0167,67.51,94,78,2.04
193,Vilhena,BR,2021-01-29 21:48:40,-12.7406,-60.1458,73.4,100,75,6.91
194,Cam Ranh,VN,2021-01-29 21:44:48,11.9214,109.1591,71.6,64,20,9.22
195,Ulladulla,AU,2021-01-29 21:48:40,-35.35,150.4667,69.8,100,90,7.83
196,Parrita,CR,2021-01-29 21:48:41,9.5201,-84.3225,77.0,49,20,21.85
197,Xingyi,CN,2021-01-29 21:48:41,24.1877,102.817,49.28,95,91,4.07
198,Anadyr,RU,2021-01-29 21:48:41,64.75,177.4833,-20.0,76,0,6.04
199,Richards Bay,ZA,2021-01-29 21:48:41,-28.783,32.0377,71.91,88,83,1.61
200,Takoradi,GH,2021-01-29 21:48:41,4.8845,-1.7554,79.0,84,95,4.81
201,Avera,US,2021-01-29 21:48:42,33.194,-82.5271,52.0,32,1,3.44
202,Hauterive,FR,2021-01-29 21:48:42,46.0901,3.4459,50.0,62,0,10.36
203,Chapais,CA,2021-01-29 21:47:40,49.7834,-74.8492,1.4,78,90,11.5
204,Karratha,AU,2021-01-29 21:48:42,-20.7377,116.8463,81.0,77,49,4.14
205,Ketchikan,US,2021-01-29 21:48:42,55.3422,-131.6461,32.0,86,90,5.75
206,Sayat,TM,2021-01-29 21:48:42,38.7839,63.8803,51.8,24,50,13.8
207,Pangody,RU,2021-01-29 21:48:43,65.85,74.4859,-42.45,80,27,6.29
208,Cherskiy,RU,2021-01-29 21:48:43,68.75,161.3,-32.93,83,35,4.52
209,San Vicente,AR,2021-01-29 21:48:43,-26.6167,-54.1333,73.13,93,49,4.9
210,Ritchie,ZA,2021-01-29 21:48:43,-29.038,24.6028,62.6,82,7,4.61
211,Mulege,MX,2021-01-29 21:48:43,26.8833,-111.9833,69.57,46,94,8.61
212,Baruun-Urt,MN,2021-01-29 21:48:44,46.6806,113.2792,-8.14,87,76,2.57
213,Lake Cowichan,CA,2021-01-29 21:45:03,48.825,-124.0546,43.0,81,75,5.75
214,Liepaja,LV,2021-01-29 21:48:44,56.5419,21.0367,32.0,86,90,6.91
215,Tiznit,MA,2021-01-29 21:48:44,29.5833,-9.5,62.6,47,0,0.89
216,Sarh,TD,2021-01-29 21:48:44,9.1429,18.3923,73.4,40,0,3.94
217,Tongliao,CN,2021-01-29 21:48:44,43.6125,122.2653,-2.65,83,0,14.0
218,Wairoa,NZ,2021-01-29 21:48:45,-39.0333,177.3667,61.0,70,96,8.99
219,Nikolskoye,RU,2021-01-29 21:48:45,59.7035,30.7861,33.01,93,90,6.71
220,Tiksi,RU,2021-01-29 21:48:45,71.6872,128.8694,-31.49,84,100,4.23
221,Temyasovo,RU,2021-01-29 21:48:45,52.9933,58.1014,3.2,85,75,2.24
222,Goderich,CA,2021-01-29 21:45:02,43.7501,-81.7165,24.8,68,100,16.11
223,College,US,2021-01-29 21:48:46,64.8569,-147.8028,5.0,71,75,4.61
224,Santiago Del Estero,AR,2021-01-29 21:47:16,-27.7951,-64.2615,95.7,39,44,11.07
225,Batagay,RU,2021-01-29 21:48:46,67.6333,134.6333,-44.77,75,100,0.36
226,Muroto,JP,2021-01-29 21:48:46,33.2833,134.15,28.4,74,20,2.3
227,La Ronge,CA,2021-01-29 21:48:46,55.1001,-105.2842,8.6,78,100,2.3
228,Padang,ID,2021-01-29 21:48:47,-0.9492,100.3543,73.4,100,75,3.44
229,Indiaroba,BR,2021-01-29 21:44:00,-11.5192,-37.5117,76.06,85,100,5.44
230,Athabasca,CA,2021-01-29 21:48:47,54.7169,-113.2854,1.4,85,0,1.14
231,Coihaique,CL,2021-01-29 21:48:47,-45.5752,-72.0662,62.6,39,20,10.36
232,Half Moon Bay,US,2021-01-29 21:48:28,37.4636,-122.4286,54.0,71,1,5.75
233,Shakhovskaya,RU,2021-01-29 21:48:47,56.0283,35.5097,19.87,97,96,10.78
234,Nanortalik,GL,2021-01-29 21:48:47,60.1432,-45.2371,32.88,89,100,8.66
235,Zhuanghe,CN,2021-01-29 21:48:48,39.7008,122.9911,16.0,78,1,4.92
236,San Patricio,US,2021-01-29 21:48:48,28.017,-97.5169,73.4,49,75,14.97
237,Banos,EC,2021-01-29 21:48:48,-1.4,-78.4167,75.2,38,40,20.71
238,Pili,PH,2021-01-29 21:48:48,13.5833,123.3,71.28,88,100,10.94
239,Karpogory,RU,2021-01-29 21:48:48,64.0019,44.4451,20.46,97,100,9.06
240,Guozhen,CN,2021-01-29 21:48:49,34.3659,107.359,38.44,55,100,0.25
241,Pochutla,MX,2021-01-29 21:48:49,15.7432,-96.4661,91.4,43,40,11.5
242,Tangjiazhuang,CN,2021-01-29 21:48:49,39.7333,118.45,21.0,70,0,3.56
243,Mana,GF,2021-01-29 21:48:49,5.6592,-53.7767,76.8,89,100,11.01
244,Shenzhen,CN,2021-01-29 21:48:49,22.5455,114.0683,60.01,87,0,7.18
245,Biak,ID,2021-01-29 21:48:50,-0.9131,122.8766,75.63,71,100,3.27
246,Faanui,PF,2021-01-29 21:48:50,-16.4833,-151.75,80.69,69,63,5.79
247,Poronaysk,RU,2021-01-29 21:48:05,49.2167,143.1167,8.98,92,100,13.13
248,Greytown,ZA,2021-01-29 21:48:50,-29.0642,30.5928,63.41,97,100,0.38
249,Honiara,SB,2021-01-29 21:48:50,-9.4333,159.95,82.89,75,100,7.45
250,Male,MV,2021-01-29 21:46:20,4.1748,73.5089,80.6,78,75,12.66
251,Lebyazhye,RU,2021-01-29 21:48:50,55.2689,66.4947,10.47,93,37,7.87
252,Buluang,PH,2021-01-29 21:48:51,13.3068,123.3425,72.72,85,100,10.51
253,Mehamn,NO,2021-01-29 21:48:51,71.0357,27.8492,21.2,79,0,6.91
254,Codrington,AU,2021-01-29 21:48:51,-38.2667,141.9667,60.76,80,100,11.27
255,Ajdabiya,LY,2021-01-29 21:48:51,30.7554,20.2263,58.98,66,0,9.91
256,Airai,TL,2021-01-29 21:48:51,-8.9266,125.4092,61.68,100,100,4.12
257,Timmins,CA,2021-01-29 21:47:14,48.4669,-81.3331,6.8,72,90,9.22
258,Kologriv,RU,2021-01-29 21:48:52,58.8275,44.3178,21.61,97,100,7.2
259,Upington,ZA,2021-01-29 21:48:52,-28.4478,21.2561,73.4,28,0,8.05
260,Rio Grande,BR,2021-01-29 21:48:52,-32.035,-52.0986,82.99,83,65,2.86
261,Ahipara,NZ,2021-01-29 21:48:52,-35.1667,173.1667,68.99,59,2,6.71
262,Naze,JP,2021-01-29 21:48:52,28.3667,129.4833,53.6,58,75,11.5
263,Tsingoni,YT,2021-01-29 21:48:52,-12.7872,45.1028,80.6,74,99,2.3
264,Phangnga,TH,2021-01-29 21:48:53,8.4509,98.5298,77.0,78,20,10.36
265,Mozhga,RU,2021-01-29 21:48:53,56.4447,52.2276,24.73,98,100,8.48
266,Deputatskiy,RU,2021-01-29 21:48:53,69.3,139.9,-31.14,86,100,2.17
267,Flinders,AU,2021-01-29 21:44:45,-34.5833,150.8552,71.01,98,100,1.99
268,Matara,LK,2021-01-29 21:48:53,5.9485,80.5353,75.16,87,90,1.88
269,Meulaboh,ID,2021-01-29 21:48:54,4.1363,96.1285,74.34,88,100,6.8
270,Acajutla,SV,2021-01-29 21:46:31,13.5928,-89.8275,87.8,27,0,9.22
271,Aklavik,CA,2021-01-29 21:48:54,68.2191,-135.0107,-31.0,75,20,3.44
272,Phan Thiet,VN,2021-01-29 21:48:54,10.9333,108.1,67.17,75,100,6.06
273,Arraial Do Cabo,BR,2021-01-29 21:48:54,-22.9661,-42.0278,82.4,73,0,17.27
274,Salym,RU,2021-01-29 21:48:55,60.0625,71.4789,-27.09,84,44,4.92
275,Cabedelo,BR,2021-01-29 21:48:55,-6.9811,-34.8339,80.6,78,40,9.22
276,Puerto Madryn,AR,2021-01-29 21:46:09,-42.7692,-65.0385,62.22,49,5,18.54
277,Tigil,RU,2021-01-29 21:48:55,57.8,158.6667,-7.87,91,97,5.53
278,Ust-Nera,RU,2021-01-29 21:48:55,64.5667,143.2,-17.81,79,100,2.91
279,Altea,ES,2021-01-29 21:48:55,38.5989,-0.0514,66.0,57,0,3.0
280,Dingle,PH,2021-01-29 21:48:56,10.9995,122.6711,73.89,90,100,11.97
281,Ribeira Grande,PT,2021-01-29 21:48:56,38.5167,-28.7,60.8,77,20,10.36
282,Kahului,US,2021-01-29 21:48:45,20.8947,-156.47,78.8,57,40,23.02
283,Saldanha,ZA,2021-01-29 21:48:56,-33.0117,17.9442,64.74,89,0,11.63
284,Mandalgovi,MN,2021-01-29 21:48:56,45.7625,106.2708,14.77,90,69,11.48
285,Victoria,HK,2021-01-29 21:47:59,22.2855,114.1577,59.0,70,0,1.01
286,Poum,NC,2021-01-29 21:48:57,-20.2333,164.0167,80.2,73,5,14.16
287,Iqaluit,CA,2021-01-29 21:48:57,63.7506,-68.5145,-13.0,70,90,9.22
288,Plettenberg Bay,ZA,2021-01-29 21:48:57,-34.0527,23.3716,63.37,76,0,3.98
289,Blagoyevo,RU,2021-01-29 21:48:57,63.3667,47.9167,21.94,96,100,9.04
290,Shahr-E Kord,IR,2021-01-29 21:48:57,32.3256,50.8644,41.0,81,75,6.91
291,Oga,IT,2021-01-29 21:48:57,46.4631,10.347,37.0,93,90,4.61
292,San Matias,BO,2021-01-29 21:48:58,-16.3667,-58.4,83.95,70,51,5.21
293,Constitucion,CL,2021-01-29 21:48:58,-35.3333,-72.4167,62.35,89,100,5.7
294,Umm Kaddadah,SD,2021-01-29 21:48:58,13.6017,26.6876,65.03,26,0,20.0
295,Puerto Escondido,MX,2021-01-29 21:48:58,15.85,-97.0667,84.52,54,12,6.35
296,Christchurch,NZ,2021-01-29 21:44:38,-43.5333,172.6333,60.01,62,90,10.36
297,Aquin,HT,2021-01-29 21:48:58,18.2833,-73.4,77.74,67,30,6.15
298,Bubaque,GW,2021-01-29 21:48:59,11.2833,-15.8333,78.75,73,0,12.66
299,Xining,CN,2021-01-29 21:48:59,36.6167,101.7667,14.23,73,100,1.92
300,Dalmatovo,RU,2021-01-29 21:48:59,56.26,62.9362,7.38,94,65,9.31
301,Chabahar,IR,2021-01-29 21:48:59,25.2919,60.643,67.26,56,0,7.54
302,Saran,FR,2021-01-29 21:48:59,47.9501,1.876,46.99,93,0,9.22
303,El Reno,US,2021-01-29 21:48:59,35.5323,-97.955,54.0,58,1,25.32
304,Tignere,CM,2021-01-29 21:49:00,7.3667,12.65,67.5,24,14,2.42
305,Bambanglipuro,ID,2021-01-29 21:49:00,-7.95,110.2833,75.06,91,100,4.79
306,Port Keats,AU,2021-01-29 21:49:00,-14.25,129.55,80.1,87,99,11.88
307,Longyearbyen,SJ,2021-01-29 21:49:00,78.2186,15.6401,-2.2,60,20,20.71
308,Nesbyen,NO,2021-01-29 21:49:00,60.5681,9.1027,9.37,81,3,3.42
309,Mbandaka,CD,2021-01-29 21:49:00,0.0487,18.2603,74.19,88,64,2.06
310,Seoul,KR,2021-01-29 21:49:01,37.5683,126.9778,24.8,50,75,9.22
311,Sturgeon Bay,US,2021-01-29 21:49:01,44.8342,-87.377,28.4,64,75,5.75
312,Vvedenskoye,RU,2021-01-29 21:49:01,55.4753,65.0847,9.03,94,70,6.55
313,Turukhansk,RU,2021-01-29 21:49:01,65.8167,87.9833,-30.17,77,97,5.7
314,Prince Rupert,CA,2021-01-29 21:49:01,54.3161,-130.3201,37.4,70,90,11.5
315,Turtas,RU,2021-01-29 21:49:02,58.9417,69.1325,-10.46,88,99,8.14
316,Chifeng,CN,2021-01-29 21:49:02,42.2683,118.9636,2.35,85,5,2.3
317,Ancud,CL,2021-01-29 21:44:22,-41.8697,-73.8203,62.6,51,0,8.05
318,Puerto Baquerizo Moreno,EC,2021-01-29 21:49:02,-0.9,-89.6,82.4,78,75,13.8
319,Port-Cartier,CA,2021-01-29 21:49:03,50.0334,-66.8654,14.0,52,14,6.91
320,Laguna,US,2021-01-29 21:49:03,38.421,-121.4238,54.0,76,40,4.61
321,Aleksin,RU,2021-01-29 21:49:03,54.51,37.08,26.6,93,98,8.95
322,Lorengau,PG,2021-01-29 21:49:03,-2.0226,147.2712,83.71,75,98,10.22
323,Carauari,BR,2021-01-29 21:49:03,-4.8828,-66.8958,79.83,90,96,0.83
324,Sitka,US,2021-01-29 21:49:04,57.0531,-135.33,37.4,52,90,13.8
325,Acari,PE,2021-01-29 21:49:04,-15.4311,-74.6158,79.23,52,0,8.39
326,Maku,IR,2021-01-29 21:49:04,39.2911,44.4521,29.37,93,84,1.36
327,Inuvik,CA,2021-01-29 21:44:40,68.3499,-133.7218,-27.4,68,9,5.75
328,Vila Velha,BR,2021-01-29 21:48:03,-20.3297,-40.2925,81.0,74,0,19.57
329,Mercedes,AR,2021-01-29 21:49:05,-34.6515,-59.4307,84.0,49,5,4.0
330,Bentiu,SS,2021-01-29 21:49:05,9.2333,29.8333,76.68,16,0,8.3
331,Visby,SE,2021-01-29 21:49:05,57.6409,18.296,30.2,74,90,13.8
332,Ergani,TR,2021-01-29 21:49:05,38.2653,39.7621,37.4,100,90,6.91
333,Vao,NC,2021-01-29 21:49:06,-22.6667,167.4833,75.67,76,97,22.28
334,Mogocha,RU,2021-01-29 21:49:06,53.7333,119.7667,-33.93,80,17,2.06
335,Kutiyana,IN,2021-01-29 21:49:06,21.6233,69.9817,56.86,33,60,9.51
336,Shubarkuduk,KZ,2021-01-29 21:49:06,49.1447,56.4872,24.24,96,100,12.88
337,Cotonou,BJ,2021-01-29 21:49:06,6.3654,2.4183,84.2,84,40,12.66
338,Makaha,US,2021-01-29 21:49:07,21.4694,-158.2175,78.8,78,75,11.5
339,Clyde River,CA,2021-01-29 21:49:07,70.4692,-68.5914,-13.0,77,90,8.05
340,Kaitangata,NZ,2021-01-29 21:49:07,-46.2817,169.8464,57.0,73,83,1.01
341,Wilmington,US,2021-01-29 21:46:45,34.2257,-77.9447,44.6,33,1,10.36
342,Geraldton,AU,2021-01-29 21:49:07,-28.7667,114.6,80.6,26,0,24.16
343,Shibetsu,JP,2021-01-29 21:48:05,43.659,145.132,26.62,97,100,5.01
344,Emba,KZ,2021-01-29 21:49:08,48.8264,58.1442,22.91,95,100,8.61
345,Wenchi,GH,2021-01-29 21:49:08,7.7392,-2.1046,82.04,51,100,7.2
346,Touros,BR,2021-01-29 21:49:08,-5.1989,-35.4608,80.6,74,20,12.66
347,Hanzhong,CN,2021-01-29 21:46:02,33.0728,107.0303,40.37,66,60,1.45
348,Plouzane,FR,2021-01-29 21:49:08,48.3833,-4.6167,50.0,93,90,16.11
349,Chortomlyk,UA,2021-01-29 21:49:08,47.6232,34.142,30.96,96,96,8.97
350,Sambava,MG,2021-01-29 21:49:09,-14.2667,50.1667,76.53,88,100,4.61
351,Fengrun,CN,2021-01-29 21:49:09,39.8333,118.1167,22.24,70,0,2.37
352,Darnah,LY,2021-01-29 21:49:09,32.767,22.6367,59.43,75,76,17.52
353,Aba,NG,2021-01-29 21:49:09,5.1066,7.3667,80.85,77,9,7.85
354,Clovis,US,2021-01-29 21:45:05,36.8252,-119.7029,55.99,62,75,5.75
355,Katsuura,JP,2021-01-29 21:49:10,35.1333,140.3,36.0,48,20,19.57
356,Beian,NO,2021-01-29 21:49:10,63.6559,9.5683,33.8,93,75,21.85
357,Santa Catarina De Tepehuanes,MX,2021-01-29 21:49:10,25.35,-105.7333,73.09,27,2,18.63
358,Clinton,US,2021-01-29 21:48:17,42.587,-82.9199,27.0,54,20,9.22
359,Yamada,JP,2021-01-29 21:49:10,39.4667,141.95,26.83,84,4,29.84
360,Upernavik,GL,2021-01-29 21:49:10,72.7868,-56.1549,-7.37,82,83,11.83
361,Chara,RU,2021-01-29 21:49:11,56.9064,118.2631,-38.88,76,94,0.2
362,Mountain Home,US,2021-01-29 21:49:11,43.133,-115.6912,41.0,91,90,12.68
363,Pringsewu,ID,2021-01-29 21:49:11,-5.3582,104.9744,71.91,94,99,1.7
364,Awjilah,LY,2021-01-29 21:49:11,29.1081,21.2869,56.28,67,0,8.99
365,Zhezkazgan,KZ,2021-01-29 21:49:11,47.8043,67.7144,13.51,94,38,12.01
366,Polunochnoye,RU,2021-01-29 21:49:12,60.8697,60.4153,-13.92,90,100,6.4
367,Progreso,MX,2021-01-29 21:49:12,21.2833,-89.6667,82.4,47,40,9.22
368,Surgut,RU,2021-01-29 21:46:33,61.25,73.4167,-38.2,67,0,2.24
369,Tucumcari,US,2021-01-29 21:49:12,35.1717,-103.725,55.4,24,1,10.36
370,Bisira,PA,2021-01-29 21:49:12,8.5196,-81.7115,60.91,94,100,12.77
371,Gat,IL,2021-01-29 21:49:12,31.61,34.7642,55.99,100,24,1.99
372,Hasaki,JP,2021-01-29 21:49:13,35.7333,140.8333,33.8,44,20,13.8
373,Matamoros,MX,2021-01-29 21:45:45,25.5333,-103.25,79.0,27,40,0.54
374,Lata,PT,2021-01-29 21:49:13,40.1629,-8.3327,57.0,94,100,1.99
375,Champerico,GT,2021-01-29 21:49:13,14.3,-91.9167,91.4,58,40,13.8
376,Iberia,US,2021-01-29 21:49:13,29.9502,-91.7507,61.0,59,1,8.05
377,Pinotepa Nacional,MX,2021-01-29 21:49:13,16.3167,-98.0167,86.95,39,26,8.43
378,Wahiawa,US,2021-01-29 21:49:13,21.5028,-158.0236,78.8,78,75,11.5
379,Nome,US,2021-01-29 21:49:14,64.5011,-165.4064,-0.4,65,1,3.44
380,Santa Rosa,PH,2021-01-29 21:47:11,14.3122,121.1114,75.99,73,75,4.61
381,Burnie,AU,2021-01-29 21:49:14,-41.0667,145.9167,59.0,99,97,1.99
382,Kloulklubed,PW,2021-01-29 21:49:15,7.0419,134.2556,80.94,74,100,22.95
383,Tumut,AU,2021-01-29 21:49:15,-35.3,148.2167,68.0,100,90,4.61
384,San Quintin,MX,2021-01-29 21:49:15,30.4833,-115.95,59.95,63,49,14.97
385,Hualmay,PE,2021-01-29 21:49:15,-11.0964,-77.6139,74.61,67,6,10.11
386,Conde,BR,2021-01-29 21:49:15,-7.2597,-34.9075,80.6,78,40,9.22
387,Namtsy,RU,2021-01-29 21:49:16,62.7161,129.6658,-50.8,58,100,0.51
388,Thompson,CA,2021-01-29 21:49:16,55.7435,-97.8558,8.6,72,90,5.75
389,Henties Bay,NA,2021-01-29 21:49:16,-22.116,14.2845,66.99,83,41,6.82
390,Parabel,RU,2021-01-29 21:49:16,58.6978,81.4825,-28.23,84,17,8.95
391,Luderitz,NA,2021-01-29 21:49:16,-26.6481,15.1594,71.73,37,0,23.35
392,Valdemarpils,LV,2021-01-29 21:49:16,57.3707,22.5919,32.0,100,75,9.22
393,Kalmunai,LK,2021-01-29 21:49:17,7.4167,81.8167,75.33,89,83,8.46
394,Acarau,BR,2021-01-29 21:49:17,-2.8856,-40.12,80.47,78,95,13.89
395,Andapa,MG,2021-01-29 21:49:17,-14.65,49.65,69.94,90,95,1.03
396,Palmer,US,2021-01-29 21:49:17,42.1584,-72.3287,16.0,45,20,25.32
397,Koudougou,BF,2021-01-29 21:49:17,12.25,-2.3667,77.4,17,0,10.33
398,Nazare,BR,2021-01-29 21:49:17,-13.035,-39.0144,75.61,85,70,4.43
399,Hovd,MN,2021-01-29 21:49:18,48.0056,91.6419,11.03,80,100,0.54
400,Tambopata,PE,2021-01-29 21:49:18,-12.7333,-69.1833,78.8,89,75,1.14
401,Manokwari,ID,2021-01-29 21:49:18,-0.8667,134.0833,77.94,77,100,5.91
402,Novo Aripuana,BR,2021-01-29 21:49:18,-5.1206,-60.3797,81.03,84,34,1.77
403,Anito,PH,2021-01-29 21:49:18,12.4497,125.2886,75.9,87,100,19.37
404,Gonzalez,US,2021-01-29 21:49:19,30.5816,-87.2914,62.01,38,1,9.22
405,Seymchan,RU,2021-01-29 21:49:19,62.8833,152.4333,-23.37,85,100,3.02
406,Makakilo City,US,2021-01-29 21:49:19,21.3469,-158.0858,78.8,57,1,8.05
407,Strelka,RU,2021-01-29 21:49:19,58.0728,93.0344,-21.87,85,100,5.55
408,Swan Hill,AU,2021-01-29 21:49:19,-35.3378,143.5544,68.27,72,2,9.42
409,Hattiesburg,US,2021-01-29 21:44:38,31.3271,-89.2903,61.0,21,1,1.34
410,Tazovskiy,RU,2021-01-29 21:49:20,67.4667,78.7,-37.43,79,0,6.15
411,Bonavista,CA,2021-01-29 21:49:20,48.6499,-53.1147,27.0,93,100,5.75
412,Bud,US,2021-01-29 21:49:20,39.447,-86.1758,33.01,60,11,6.17
413,Lavumisa,SZ,2021-01-29 21:49:20,-27.31,31.892,71.38,91,93,1.25
414,Macapsing,PH,2021-01-29 21:49:20,15.6783,121.1319,67.98,81,69,6.02
415,Killybegs,IE,2021-01-29 21:49:21,54.6333,-8.45,42.01,94,100,10.0
416,Dwarka,IN,2021-01-29 21:49:21,22.2394,68.9678,66.25,42,43,11.12
417,Dryden,CA,2021-01-29 21:49:21,49.7833,-92.7503,15.8,73,90,8.05
418,Kapit,MY,2021-01-29 21:49:21,2.0167,112.9333,71.87,95,93,1.07
419,Sulya,IN,2021-01-29 21:49:21,12.5667,75.3833,75.2,78,0,2.46
420,Jiupu,CN,2021-01-29 21:49:21,41.0667,122.95,10.81,94,10,7.09
421,Borogontsy,RU,2021-01-29 21:49:22,62.6683,131.1683,-47.29,76,100,1.23
422,Waw,SS,2021-01-29 21:49:22,7.7029,27.9953,76.46,18,39,7.09
423,Orichi,RU,2021-01-29 21:49:22,58.4036,49.0572,22.46,98,100,6.82
424,King City,US,2021-01-29 21:49:22,36.2127,-121.126,57.0,55,6,3.0
425,Salto,UY,2021-01-29 21:44:41,-31.3833,-57.9667,81.0,74,75,5.75
426,Kortkeros,RU,2021-01-29 21:49:22,61.8106,51.5806,23.0,86,40,8.95
427,Ust-Kuyga,RU,2021-01-29 21:49:23,70.0167,135.6,-41.75,79,100,0.63
428,Masuguru,TZ,2021-01-29 21:49:23,-11.3667,38.4167,73.17,94,91,3.44
429,Leningradskiy,RU,2021-01-29 21:49:23,69.3833,178.4167,-24.02,84,98,8.95
430,Petatlan,MX,2021-01-29 21:49:23,17.5167,-101.2667,86.0,66,40,6.35
431,Huilong,CN,2021-01-29 21:49:23,31.8111,121.655,41.0,75,0,10.58
432,Bandar-E Lengeh,IR,2021-01-29 21:49:23,26.5579,54.8807,64.4,94,21,6.91
433,Price,US,2021-01-29 21:49:24,39.5994,-110.8107,37.4,52,90,5.75
434,Itarema,BR,2021-01-29 21:49:24,-2.9248,-39.9167,80.26,78,95,12.24
435,Antofagasta,CL,2021-01-29 21:46:03,-23.65,-70.4,69.8,64,20,13.8
436,Lufkin,US,2021-01-29 21:49:24,31.3382,-94.7291,64.4,52,1,10.36
437,Broken Arrow,US,2021-01-29 21:44:48,36.0526,-95.7908,57.2,44,1,19.57
438,Semporna,MY,2021-01-29 21:49:24,4.4818,118.6112,77.0,83,20,3.44
439,Ekhabi,RU,2021-01-29 21:49:25,53.5102,142.9671,-6.63,90,100,9.91
440,Moerai,PF,2021-01-29 21:49:25,-22.4333,-151.3333,80.47,70,0,13.65
441,Tokat,TR,2021-01-29 21:49:25,40.4167,36.5833,22.39,91,33,6.62
442,Yagodnoye,RU,2021-01-29 21:49:25,62.55,149.6667,-24.97,82,100,3.44
443,Aswan,EG,2021-01-29 21:44:47,24.0934,32.907,53.2,44,0,8.52
444,Ust-Tsilma,RU,2021-01-29 21:49:25,65.441,52.1498,-4.86,90,100,8.81
445,Muros,ES,2021-01-29 21:49:25,42.7762,-9.0603,57.0,89,100,7.0
446,Walvis Bay,NA,2021-01-29 21:49:26,-22.9575,14.5053,66.99,82,73,8.05
447,Zhangjiakou,CN,2021-01-29 21:49:26,40.81,114.8794,21.06,81,0,6.31
448,Pandan,PH,2021-01-29 21:49:26,14.0453,124.1694,74.19,83,100,22.62
449,Kashary,RU,2021-01-29 21:49:26,49.04,41.0056,35.01,88,100,18.61
450,Sao Raimundo Das Mangabeiras,BR,2021-01-29 21:49:26,-7.0219,-45.4811,80.29,71,100,5.08
451,Iskateley,RU,2021-01-29 21:49:26,67.6803,53.1512,-11.33,84,100,14.38
452,Northam,GB,2021-01-29 21:49:27,51.0333,-4.2167,46.0,93,100,7.0
453,Asau,RO,2021-01-29 21:49:27,46.4333,26.4,37.4,81,75,9.22
454,Taoudenni,ML,2021-01-29 21:49:27,22.6783,-3.9836,72.16,21,0,12.82
455,Hirara,JP,2021-01-29 21:49:27,24.8,125.2833,57.2,58,75,8.05
456,Sakakah,SA,2021-01-29 21:49:27,29.9697,40.2064,50.0,53,0,8.05
457,Baoying,CN,2021-01-29 21:49:27,33.2292,119.3092,35.46,83,0,6.35
458,Caravelas,BR,2021-01-29 21:49:28,-17.7125,-39.2481,77.45,80,0,6.91
459,Bandarbeyla,SO,2021-01-29 21:49:28,9.4942,50.8122,73.02,75,29,9.91
460,Margate,GB,2021-01-29 21:49:28,51.3813,1.3862,46.99,83,98,3.0
461,Tokur,RU,2021-01-29 21:49:28,53.1333,132.9,-30.21,85,83,1.01
462,Bosaso,SO,2021-01-29 21:49:29,11.2842,49.1816,72.05,78,2,2.24
463,Tasiilaq,GL,2021-01-29 21:49:29,65.6145,-37.6368,15.8,86,90,23.02
464,Thinadhoo,MV,2021-01-29 21:49:29,0.5333,72.9333,80.98,78,99,12.68
465,Dutlwe,BW,2021-01-29 21:49:29,-23.9833,23.9,71.42,75,100,3.13
466,Tabou,CI,2021-01-29 21:49:29,4.423,-7.3528,77.81,86,85,5.41
467,Ossora,RU,2021-01-29 21:49:29,59.2353,163.0719,-0.89,89,62,8.88
468,Vani,GE,2021-01-29 21:49:30,42.0832,42.5216,42.8,100,90,2.3
469,Tuatapere,NZ,2021-01-29 21:49:30,-46.1333,167.6833,56.8,55,3,4.45
470,Jacmel,HT,2021-01-29 21:46:12,18.2342,-72.5347,82.4,61,20,16.11
471,Broken Hill,AU,2021-01-29 21:49:30,-31.95,141.4333,66.2,68,1,18.41
472,Roma,US,2021-01-29 21:49:30,43.2128,-75.4557,15.8,48,1,17.27
473,Victoria Point,AU,2021-01-29 21:49:31,-27.5833,153.3,80.01,68,40,3.0
474,Cascais,PT,2021-01-29 21:49:31,38.6979,-9.4215,57.99,100,100,14.07
475,Vaitape,PF,2021-01-29 21:49:31,-16.5167,-151.75,80.82,69,64,5.91
476,Pandavapura,IN,2021-01-29 21:49:31,12.5006,76.6733,63.84,80,0,7.96
477,Camacupa,AO,2021-01-29 21:49:31,-12.0167,17.4833,64.17,87,99,2.39
478,Lumphat,KH,2021-01-29 21:49:31,13.4878,106.9816,65.16,71,63,7.76
479,Verkhnevilyuysk,RU,2021-01-29 21:49:32,63.4453,120.3167,-48.28,76,93,2.37
480,Senador Guiomard,BR,2021-01-29 21:49:32,-10.1522,-67.7392,80.6,89,40,8.05
481,Tsiroanomandidy,MG,2021-01-29 21:49:32,-18.7667,46.0333,69.89,87,72,2.28
482,Moyale,KE,2021-01-29 21:49:32,3.5167,39.0584,74.34,31,0,17.96
483,Carballo,ES,2021-01-29 21:46:24,43.213,-8.691,55.4,100,75,5.75
484,Rivadavia,AR,2021-01-29 21:49:33,-33.1905,-68.4608,87.8,23,0,5.75
485,Waipawa,NZ,2021-01-29 21:49:33,-41.4122,175.5153,60.8,59,90,24.16
486,Ribeira Brava,PT,2021-01-29 21:49:33,32.65,-17.0667,57.0,94,71,1.99
487,Saucillo,MX,2021-01-29 21:49:33,28.0167,-105.2833,83.88,17,86,13.49
488,Datong,CN,2021-01-29 21:49:33,40.0936,113.2914,19.6,83,0,5.7
489,Develi,TR,2021-01-29 21:49:34,38.3906,35.4922,23.0,86,0,5.75
490,Ust-Kulom,RU,2021-01-29 21:49:34,61.6864,53.6902,23.68,97,100,12.35
491,Kashi,CN,2021-01-29 21:49:34,39.4547,75.9797,24.8,58,0,8.95
492,Fort Saint James,CA,2021-01-29 21:49:34,54.4333,-124.25,8.04,91,100,2.06
493,Rosarito,MX,2021-01-29 21:49:34,32.3333,-117.0333,60.8,67,75,12.66
494,Nadym,RU,2021-01-29 21:49:34,65.5333,72.5167,-42.86,79,2,5.3
495,Riverton,US,2021-01-29 21:49:35,40.5219,-111.9391,51.8,57,90,18.41
496,Aykhal,RU,2021-01-29 21:49:35,66.0,111.5,-35.01,81,89,7.45
497,Quatre Cocos,MU,2021-01-29 21:49:35,-20.2078,57.7625,80.6,83,40,11.5
498,Rapid Valley,US,2021-01-29 21:49:35,44.0625,-103.1463,51.01,56,1,6.91
499,Arlit,NE,2021-01-29 21:49:35,18.7369,7.3853,61.3,27,25,4.83
500,Port Blair,IN,2021-01-29 21:49:35,11.6667,92.75,78.75,81,63,7.45
501,Talcahuano,CL,2021-01-29 21:45:15,-36.7167,-73.1167,59.0,100,90,10.36
502,Mastic Beach,US,2021-01-29 21:49:36,40.7668,-72.8521,21.99,42,1,20.71
503,Tilichiki,RU,2021-01-29 21:49:36,60.4667,166.1,-6.63,93,86,10.74
504,Mujiayingzi,CN,2021-01-29 21:49:36,42.1167,118.7833,4.05,87,0,1.74
505,Itaituba,BR,2021-01-29 21:49:36,-4.2761,-55.9836,77.67,94,96,3.15
506,Izhma,RU,2021-01-29 21:49:36,65.0083,53.9113,-0.06,90,100,8.68
507,Svetlogorsk,BY,2021-01-29 21:49:37,52.6333,29.7333,19.51,97,96,9.86
508,Rabat,MA,2021-01-29 21:48:27,33.9911,-6.8401,60.01,100,1,2.37
509,Ornskoldsvik,SE,2021-01-29 21:49:37,63.2909,18.7153,1.4,92,46,5.75
510,Tuy Hoa,VN,2021-01-29 21:49:37,13.0833,109.3,66.79,88,96,6.85
511,Pakenham,AU,2021-01-29 21:49:37,-38.0667,145.4833,63.0,95,99,4.0
512,Magistralnyy,RU,2021-01-29 21:49:37,56.1725,107.4458,-28.62,83,100,1.92
513,Myaundzha,RU,2021-01-29 21:49:38,63.0494,147.1858,-18.8,84,100,2.68
514,Vanimo,PG,2021-01-29 21:49:38,-2.6741,141.3028,78.82,81,100,9.35
515,Pacific Grove,US,2021-01-29 21:44:43,36.6177,-121.9166,55.4,58,40,5.75
516,Esso,RU,2021-01-29 21:49:38,55.9333,158.7,2.5,88,90,2.19
517,Chegdomyn,RU,2021-01-29 21:49:38,51.1167,133.0167,-30.51,83,80,0.22
518,Rurrenabaque,BO,2021-01-29 21:49:38,-14.4413,-67.5278,86.0,74,40,17.9
519,Keti Bandar,PK,2021-01-29 21:49:39,24.1447,67.4497,62.06,66,0,9.01
520,Black River,JM,2021-01-29 21:49:39,18.0264,-77.8487,80.01,73,75,18.41
521,Bayanday,RU,2021-01-29 21:49:39,53.0661,105.5139,-9.36,89,100,5.39
522,Saint Anthony,US,2021-01-29 21:49:39,45.0205,-93.218,25.0,68,90,9.22
523,Byron Bay,AU,2021-01-29 21:49:39,-28.65,153.6167,73.4,88,75,5.75
524,Yerbogachen,RU,2021-01-29 21:49:39,61.2767,108.0108,-44.25,78,47,5.5
525,El Tigre,VE,2021-01-29 21:49:40,8.8875,-64.2454,84.51,47,54,11.14
526,Bahawalpur,PK,2021-01-29 21:49:40,29.4,71.6833,50.63,39,0,1.28
527,Enkhuizen,NL,2021-01-29 21:49:40,52.7,5.2833,35.01,88,95,16.31
528,Sangar,RU,2021-01-29 21:49:40,63.9242,127.4739,-50.15,75,100,1.25
529,Orlik,RU,2021-01-29 21:49:40,52.5178,99.825,3.81,84,85,5.35
530,Comodoro Rivadavia,AR,2021-01-29 21:46:09,-45.8667,-67.5,62.6,42,40,10.36
531,Tabas,IR,2021-01-29 21:49:41,33.5959,56.9244,51.8,17,87,2.3
532,Marsa Matruh,EG,2021-01-29 21:49:41,31.3525,27.2453,53.6,62,40,10.36
533,Peruibe,BR,2021-01-29 21:49:41,-24.32,-46.9983,80.37,79,93,4.36
534,Bathsheba,BB,2021-01-29 21:49:42,13.2167,-59.5167,80.6,65,40,12.66
535,Sao Miguel Do Araguaia,BR,2021-01-29 21:47:45,-13.275,-50.1628,75.6,87,97,4.25
536,Kempsey,AU,2021-01-29 21:49:43,-31.0833,152.8333,71.01,98,83,2.39
537,Sindor,RU,2021-01-29 21:49:44,62.8629,51.8905,22.33,97,100,9.8
538,Tricase,IT,2021-01-29 21:49:44,39.9304,18.3553,59.0,82,0,16.11
539,Nortelandia,BR,2021-01-29 21:49:44,-14.4547,-56.8028,79.52,82,94,4.03
540,Kamina,CD,2021-01-29 21:49:44,-8.7386,24.9906,64.87,96,82,0.56
541,Mikhaylovka,RU,2021-01-29 21:49:45,50.06,43.2379,34.0,90,100,14.0
542,Dunedin,NZ,2021-01-29 21:49:45,-45.8742,170.5036,55.99,66,63,10.0
543,Kamen-Rybolov,RU,2021-01-29 21:49:46,44.7481,132.0403,-13.36,84,52,2.82
544,Palora,EC,2021-01-29 21:49:46,-1.7,-77.9333,75.38,83,64,2.33
545,Oksfjord,NO,2021-01-29 21:49:47,70.2396,22.3479,17.6,67,90,8.05
546,Atar,MR,2021-01-29 21:49:47,20.5169,-13.0499,68.76,23,0,9.1
547,Lagoa,PT,2021-01-29 21:49:48,39.05,-27.9833,59.16,77,5,11.86
548,Coos Bay,US,2021-01-29 21:49:48,43.3665,-124.2179,50.0,76,20,8.05
549,Mokolo,CM,2021-01-29 21:48:26,10.7398,13.8019,66.0,25,0,7.92
550,Talara,PE,2021-01-29 21:49:48,-4.5772,-81.2719,76.77,76,8,12.68
551,Grand-Santi,GF,2021-01-29 21:49:48,4.25,-54.3833,75.11,95,100,3.06
552,Campos,BR,2021-01-29 21:49:48,-21.75,-41.3,82.4,65,0,20.71
553,Calabozo,VE,2021-01-29 21:49:49,8.9242,-67.4293,91.09,30,67,7.25
554,Chaihe,CN,2021-01-29 21:49:49,44.7667,129.7,-13.07,90,100,2.08
555,Glace Bay,CA,2021-01-29 21:49:49,46.1969,-59.957,30.99,74,90,12.66
556,Chase,CA,2021-01-29 21:49:49,50.8165,-119.6857,34.0,75,95,1.81
557,Verkhoyansk,RU,2021-01-29 21:47:00,67.5447,133.385,-43.76,74,100,0.51
558,Izhmorskiy,RU,2021-01-29 21:49:50,56.194,86.6414,1.62,94,100,9.15
559,Viedma,AR,2021-01-29 21:49:50,-40.8135,-62.9967,70.0,52,75,19.84
